<?xml version="1.0" encoding="utf-8" standalone="yes" ?>
<rss version="2.0" xmlns:atom="http://www.w3.org/2005/Atom">
  <channel>
    <title>Working paper | Anshuman Tiwari</title>
    <link>/working-papers/</link>
      <atom:link href="/working-papers/index.xml" rel="self" type="application/rss+xml" />
    <description>Working paper</description>
    <generator>Source Themes Academic (https://sourcethemes.com/academic/)</generator><language>en-us</language><lastBuildDate>Sat, 24 Dec 2022 00:00:00 +0000</lastBuildDate>
    <image>
      <url>/images/icon_hu0b7a4cb9992c9ac0e91bd28ffd38dd00_9727_512x512_fill_lanczos_center_3.png</url>
      <title>Working paper</title>
      <link>/working-papers/</link>
    </image>
    
    <item>
      <title>Industrial Water Pollution and Agricultural Production in India (R&amp;R at JAERE)</title>
      <link>/working-papers/indiarivers/</link>
      <pubDate>Sat, 24 Dec 2022 00:00:00 +0000</pubDate>
      <guid>/working-papers/indiarivers/</guid>
      <description></description>
    </item>
    
    <item>
      <title>Air Pollution Trade-off with a Groundwater Conservation Policy in India</title>
      <link>/working-papers/india-gw-airpol-gdp/</link>
      <pubDate>Thu, 10 Nov 2022 00:00:00 +0000</pubDate>
      <guid>/working-papers/india-gw-airpol-gdp/</guid>
      <description></description>
    </item>
    
    <item>
      <title>Do Workfare programs affect Agricultural Risk through Crop Choice? Evidence from India</title>
      <link>/working-papers/nregs-crop-choice/</link>
      <pubDate>Mon, 17 Oct 2022 00:00:00 +0000</pubDate>
      <guid>/working-papers/nregs-crop-choice/</guid>
      <description></description>
    </item>
    
  </channel>
</rss>
