<?xml version="1.0" encoding="utf-8" standalone="yes" ?>
<rss version="2.0" xmlns:atom="http://www.w3.org/2005/Atom">
  <channel>
    <title>Publications | Anshuman Tiwari</title>
    <link>/publication/</link>
      <atom:link href="/publication/index.xml" rel="self" type="application/rss+xml" />
    <description>Publications</description>
    <generator>Source Themes Academic (https://sourcethemes.com/academic/)</generator><language>en-us</language><lastBuildDate>Tue, 17 Oct 2023 00:00:00 +0000</lastBuildDate>
    <image>
      <url>/images/icon_hu0b7a4cb9992c9ac0e91bd28ffd38dd00_9727_512x512_fill_lanczos_center_3.png</url>
      <title>Publications</title>
      <link>/publication/</link>
    </image>
    
    <item>
      <title>Pollution, Productivity, and Place</title>
      <link>/publication/job-market-paper/</link>
      <pubDate>Tue, 17 Oct 2023 00:00:00 +0000</pubDate>
      <guid>/publication/job-market-paper/</guid>
      <description></description>
    </item>
    
    <item>
      <title>Air Pollution Trade-off with a Groundwater Conservation Policy in India</title>
      <link>/publication/gw-airpol/</link>
      <pubDate>Tue, 10 Oct 2023 00:00:00 +0000</pubDate>
      <guid>/publication/gw-airpol/</guid>
      <description></description>
    </item>
    
    <item>
      <title>Industrial Water Pollution and Agricultural Production in India</title>
      <link>/publication/indiarivers/</link>
      <pubDate>Sat, 24 Dec 2022 00:00:00 +0000</pubDate>
      <guid>/publication/indiarivers/</guid>
      <description></description>
    </item>
    
    <item>
      <title>Do Workfare programs affect Weather-Related Agricultural Risk through Crop Choice?</title>
      <link>/publication/nregs-crop-choice/</link>
      <pubDate>Mon, 17 Oct 2022 00:00:00 +0000</pubDate>
      <guid>/publication/nregs-crop-choice/</guid>
      <description></description>
    </item>
    
  </channel>
</rss>
