<?xml version="1.0" encoding="utf-8" standalone="yes" ?>
<rss version="2.0" xmlns:atom="http://www.w3.org/2005/Atom">
  <channel>
    <title>Tags | Anshuman Tiwari</title>
    <link>/tags/</link>
      <atom:link href="/tags/index.xml" rel="self" type="application/rss+xml" />
    <description>Tags</description>
    <generator>Source Themes Academic (https://sourcethemes.com/academic/)</generator><language>en-us</language><lastBuildDate>Sun, 01 Jul 2018 00:00:00 +0000</lastBuildDate>
    <image>
      <url>/images/icon_hu0b7a4cb9992c9ac0e91bd28ffd38dd00_9727_512x512_fill_lanczos_center_3.png</url>
      <title>Tags</title>
      <link>/tags/</link>
    </image>
    
  </channel>
</rss>
