<?xml version="1.0" encoding="utf-8" standalone="yes" ?>
<rss version="2.0" xmlns:atom="http://www.w3.org/2005/Atom">
  <channel>
    <title>Nick Hagerty | Anshuman Tiwari</title>
    <link>/author/nick-hagerty/</link>
      <atom:link href="/author/nick-hagerty/index.xml" rel="self" type="application/rss+xml" />
    <description>Nick Hagerty</description>
    <generator>Source Themes Academic (https://sourcethemes.com/academic/)</generator><language>en-us</language>
    <image>
      <url>/images/icon_hu0b7a4cb9992c9ac0e91bd28ffd38dd00_9727_512x512_fill_lanczos_center_3.png</url>
      <title>Nick Hagerty</title>
      <link>/author/nick-hagerty/</link>
    </image>
    
  </channel>
</rss>
