<?xml version="1.0" encoding="utf-8" standalone="yes" ?>
<rss version="2.0" xmlns:atom="http://www.w3.org/2005/Atom">
  <channel>
    <title>Job market paper | Anshuman Tiwari</title>
    <link>/job-market-paper/</link>
      <atom:link href="/job-market-paper/index.xml" rel="self" type="application/rss+xml" />
    <description>Job market paper</description>
    <generator>Source Themes Academic (https://sourcethemes.com/academic/)</generator><language>en-us</language><lastBuildDate>Wed, 04 Oct 2023 00:00:00 +0000</lastBuildDate>
    <image>
      <url>/images/icon_hu0b7a4cb9992c9ac0e91bd28ffd38dd00_9727_512x512_fill_lanczos_center_3.png</url>
      <title>Job market paper</title>
      <link>/job-market-paper/</link>
    </image>
    
    <item>
      <title>Productivity Impacts of Emissions Control when People and Particulates are Mobile</title>
      <link>/job-market-paper/job-market-paper/</link>
      <pubDate>Wed, 04 Oct 2023 00:00:00 +0000</pubDate>
      <guid>/job-market-paper/job-market-paper/</guid>
      <description></description>
    </item>
    
  </channel>
</rss>
