<?xml version="1.0" encoding="utf-8" standalone="yes" ?>
<rss version="2.0" xmlns:atom="http://www.w3.org/2005/Atom">
  <channel>
    <title>Policy-articles | Anshuman Tiwari</title>
    <link>/policy-articles/</link>
      <atom:link href="/policy-articles/index.xml" rel="self" type="application/rss+xml" />
    <description>Policy-articles</description>
    <generator>Source Themes Academic (https://sourcethemes.com/academic/)</generator><language>en-us</language><lastBuildDate>Sun, 01 Jul 2018 00:00:00 +0000</lastBuildDate>
    <image>
      <url>/images/icon_hu0b7a4cb9992c9ac0e91bd28ffd38dd00_9727_512x512_fill_lanczos_center_3.png</url>
      <title>Policy-articles</title>
      <link>/policy-articles/</link>
    </image>
    
    <item>
      <title>Interview with Abhijit Banerjee</title>
      <link>/policy-articles/banerjee-interview/</link>
      <pubDate>Sun, 01 Jul 2018 00:00:00 +0000</pubDate>
      <guid>/policy-articles/banerjee-interview/</guid>
      <description></description>
    </item>
    
    <item>
      <title>Falling through the cracks</title>
      <link>/policy-articles/gurgaon-workers/</link>
      <pubDate>Thu, 01 Jan 2015 00:00:00 +0000</pubDate>
      <guid>/policy-articles/gurgaon-workers/</guid>
      <description></description>
    </item>
    
  </channel>
</rss>
