<?xml version="1.0" encoding="utf-8" standalone="yes" ?>
<rss version="2.0" xmlns:atom="http://www.w3.org/2005/Atom">
  <channel>
    <title>with Nick Hagerty | Anshuman Tiwari</title>
    <link>/author/with-nick-hagerty/</link>
      <atom:link href="/author/with-nick-hagerty/index.xml" rel="self" type="application/rss+xml" />
    <description>with Nick Hagerty</description>
    <generator>Source Themes Academic (https://sourcethemes.com/academic/)</generator><language>en-us</language><lastBuildDate>Sat, 24 Dec 2022 00:00:00 +0000</lastBuildDate>
    <image>
      <url>/images/icon_hu0b7a4cb9992c9ac0e91bd28ffd38dd00_9727_512x512_fill_lanczos_center_3.png</url>
      <title>with Nick Hagerty</title>
      <link>/author/with-nick-hagerty/</link>
    </image>
    
    <item>
      <title>Industrial Water Pollution and Agricultural Production in India</title>
      <link>/publication/indiarivers/</link>
      <pubDate>Sat, 24 Dec 2022 00:00:00 +0000</pubDate>
      <guid>/publication/indiarivers/</guid>
      <description></description>
    </item>
    
  </channel>
</rss>
